[
    {
    "id": 0,
    "name": "前端工程师",
    "price": 20,
    "count": 1,
    "img": "/img/1.jpg",
    "isCheck": false
  },
  {
    "id": 1,
    "name": "后端工程师",
    "price": 13,
    "count": 1,
    "img": "/img/2.jpg",
    "isCheck": false
  },
  {
    "id": 2,
    "name": "node工程师",
    "price": 25,
    "count": 1,
    "img": "/img/3.jpg",
    "isCheck": false
  },
  {
    "id": 3,
    "name": "php工程师",
    "price": 8,
    "count": 1,
    "img": "/img/4.jpg",
    "isCheck": false
  },
  {
    "id": 4,
    "name": "php1工程师",
    "price": 10,
    "count": 1,
    "img": "/img/5.jpg",
    "isCheck": false
  }
]